employee_id,employee_name,Team,start_date
1,Aalyan Ali,Manchester,20/04/2026
2,Daniel Rose,Manchester,20/04/2026
3,Adam  Ellis,Dublin,01/09/2025
4,Adil-Shah Nawaz,Manchester,23/02/2026
5,Alan O'Dea,Dublin,13/10/2025
6,Alex Scully,Dublin,01/09/2025
7,Steven Burnett,Marlow,01/09/2025
8,Alfie Hughes,Manchester,01/10/2025
9,Amy Dalrymple,Manchester,01/09/2025
10,Amy Harvey,Newcastle,06/09/2025
11,Anish Kumar Verma,London 1,13/10/2025
12,Archie Shannon,South Coast PS,01/10/2025
13,Benjamin Firth,London 2,12/05/2025
14,Brigan Young,Manchester,10/03/2025
15,Brooke Mortimer,Manchester,01/10/2025
16,Charles Delargy,Bristol,09/06/2025
17,Charles Fielding,Manchester ,13/10/2025
18,Charlotte Pluckrose,London PS,13/10/2025
19,Charlotte Watts,Manchester ITSP,07/07/2025
20,Christie Weng Yan Lee,Dublin,07/07/2025
21,Ciaran Duggan (Apprentice),Dublin,23/02/2026
22,Colin Mukuza,Leeds,23/02/2026
23,Conor Anstiss,Marlow,01/10/2025
24,Corbon Clarke-Selby,Birmingham,23/02/2026
25,Daniel McGarrie,Glasgow,12/05/2025
26,Daniel Minski,Bristol,23/02/2026
27,Eithne Yates-Kneen,London 1,20/04/2026
28,Francesca Ward,Birmingham,20/04/2026
29,Dominic Hayward,Marlow,06/09/2025
30,Dylan Hall-Jones,South Coast,13/10/2025
31,Furkan Khan,Leeds,20/04/2026
32,Ellie Doughty,London 2,23/02/2026
33,Ellie Graham,Glasgow PS,01/09/2025
34,Ellie Greene,Birmingham,13/10/2025
35,Elliot Smith,Bristol PS,13/10/2025
36,Dante George,Marlow,01/09/2025
37,Eric Jenkins,Birmingham,23/02/2026
38,Eucene Bali,Manchester PS,07/10/2024
39,Faizah Humayra,Marlow PS,13/10/2025
40,Faizan Hussain,Newcastle,01/09/2025
41,Fajr  Al Lawati,Glasgow,01/09/2025
42,Felix Omondi,Birmingham,01/10/2025
43,Francesca Briffitt,Bristol,01/10/2025
44,Heba Siddiqa,London 2,20/04/2026
45,James Smith,Leeds,20/04/2026
46,Gabriella McQuillian,Manchester,06/09/2025
47,Husnayn Nisar,Marlow,23/02/2026
48,George Cockburn-Ball,Bristol,07/07/2025
49,Gregory Luckhurst,London 1,13/10/2025
50,Hamza Ramzan,Glasgow,01/09/2025
51,Harvey Ravenscroft,Bristol PS,01/09/2025
52,Hatijay Sadrettin,London 1,13/10/2025
53,Lucy Sibley,London 1,20/04/2026
54,Henry Chester,Manchester PS,01/10/2025
55,Muhsin Jeelani,Marlow,23/02/2026
56,Holly Clinch,Manchester,12/05/2025
57,Holly Rowe,Bristol,07/07/2025
58,Kaelan Oldham,Marlow,13/10/2025
59,Iliana Ortiz,London 2,01/09/2025
60,Ishaan Kassam,London (Interns),06/09/2025
61,Isoken Oduwa-Malaka,Dublin,13/10/2025
62,Izzy Edwards,London 1,01/09/2025
63,Jack Gash,Newcastle,23/02/2026
64,Jack Waggott,Manchester PS,01/10/2025
65,Lukas Leslie,Birmingham,20/04/2026
66,Jasmin Hans,London 1,07/07/2025
67,Jassiem (TJ) Lewis,Birmingham PS,13/10/2025
68,Jessica Chan,Manchester ITSP,13/10/2025
69,Joe Fellows,Marlow PS,01/10/2025
70,Joe Williams,London 1,23/02/2026
71,Jonathan  Kennedy,London 2,01/09/2025
72,Joseph  Middleton-Sweet,Birmingham,01/09/2025
73,Joseph Cooper,Leeds,13/10/2025
74,Joseph Grady,Manchester,07/07/2025
75,Joseph Hardaker,Manchester,23/02/2026
76,Joseph Skendrovic,London 1,23/02/2026
77,Josh Owens,Leeds PS,23/02/2026
78,Joshua Barnett,Marlow PS,01/10/2025
79,Joshua Bellamy,Birmingham,07/07/2025
80,Joshua Dixon,Newcastle,13/10/2025
81,Genovesa Van Reenen,Marlow,01/09/2025
82,Kai Mander,Birmingham,13/10/2025
83,Kausar Saeedi,London 1,23/02/2026
84,Keira Winter,Manchester,13/10/2025
85,Kevin Kane,Glasgow,01/09/2025
86,Krishan Diyar,Bristol,23/02/2026
87,Laila  Rezk,Bristol,01/09/2025
88,Lauren Raybould,Birmingham,13/10/2025
89,Alexander  Fisher ,Marlow ,09/06/2025
90,Leah Cooke,Manchester,09/09/2024
91,Lean Sarte,Manchester,23/02/2026
92,Leo Palmer,Bristol,01/10/2025
93,Lily Pryce,Newcastle PS,13/10/2025
94,Luke Saunders,Marlow,20/04/2026
95,Megnaa Deepak,Leeds,20/04/2026
96,Luke Morris ,London 2,01/09/2025
97,Luke Nikhil Singh,Marlow,07/07/2025
98,Thomas Simpson,Marlow,20/04/2026
99,Mahee Pandey,Manchester,01/09/2025
100,Martin Coleman,Glasgow,23/02/2026
101,Matthew Hough,Manchester,06/09/2025
102,Max Dargan,Birmingham,10/06/2024
103,Max Jedrasik (Apprentice),Dublin,23/02/2026
104,Max Redding,Marlow,01/10/2025
105,Maz (Mpho) Mazibeli,Manchester,07/07/2025
106,Memphis Ayoade,London 2,20/04/2026
107,Merwaan Ali,Marlow,20/04/2026
108,Aalia Akhtar,Marlow,20/04/2026
109,Michael  Mcguire,Manchester ,01/09/2025
110,Michael Lewis,Bristol,20/04/2026
111,Miguel Queiruga,Newcastle PS,13/10/2025
112,Mo Bashir,Manchester,10/03/2025
113,Mohammed Saleh,Manchester,13/10/2025
114,Molly Jade Fram-Taylor,Newcastle,13/10/2025
115,Emilia Mccalley,Marlow,13/10/2025
116,Naseem Khorassani,London 2,13/10/2025
117,Nasser Mohammed,London 2,09/06/2025
118,Neha Rahman,London PS,13/10/2025
119,Nina Morgan,Leeds,07/07/2025
120,Oliver Bunting,Marlow,01/10/2025
121,Omar Kaf Al-Ghazal,Leeds,01/09/2025
122,Laxhaan Sunderakanthan,Marlow,20/04/2026
123,Oscar Thompson,South Coast PS,01/10/2025
124,Othniel Eduardo,London 2,01/10/2025
125,Owen Walters,London 1,13/10/2025
126,Patrick Flannigan,Manchester,09/06/2025
127,Phoebe Daltrey,London 2,01/09/2025
128,Piers Scott,London 1,07/07/2025
129,Rachel Moss,South Coast,23/02/2026
130,Osahon Okunhon-Uduebor,Marlow,20/04/2026
131,Rhys Anderson,Manchester,01/10/2025
132,Rania Hyde,London 1,20/04/2026
133,Rory Murphy,London 1,07/07/2025
134,Rose Spillane,South Coast,23/02/2026
135,Rowan Edwards,London 2,23/02/2026
136,Ruwa Gatsi,London 1,01/09/2025
137,Saaniya Khan,Birmingham,01/10/2025
138,Ritika Sabharwal,Birmingham,20/04/2026
139,Samuel Pocock,London ITSP,20/04/2026
140,Seenaa Sadaat,Birmingham PS,01/09/2025
141,Sianna Rynne - Coleman,Manchester,01/09/2025
142,Sofiya Raja,South Coast,13/10/2025
143,Henry Savory,Marlow,23/02/2026
144,Saunjae Lewis,Birmingham,20/04/2026
145,Syed Naqvi,Manchester,20/04/2026
146,Talha Khalid,Marlow,20/04/2026
147,Tiziano Bettoni,Dublin,23/02/2026
148,Tobias Taylor,Manchester,13/10/2025
149,Todd Aherne-Conroy,London 2,13/10/2025
150,Tyler Fella,Leeds,01/10/2025
151,Wilfred Kiondo,London 2,12/05/2025
152,William Reid,Bristol,06/09/2025
153,Yamin Choudhury,London 1,01/09/2025
154,Zainab Hussain,Leeds,01/10/2025
,,,
,,,
,,,
,,,
,,,
,,,
,,,
,,,
,,,
,,,
,,,
,,,
,,,
,,,
,,,
,,,
,,,
,,,
,,,
,,,
,,,
,,,
,,,
,,,
,,,
,,,
,,,
,,,
,,,
,,,
,,,
,,,
,,,
,,,
,,,
,,,
,,,
,,,
,,,
,,,
,,,
,,,
,,,
,,,
,,,
,,,
,,,
,,,
,,,
,,,
,,,
,,,
,,,
,,,
,,,
,,,
,,,
,,,
,,,
,,,
,,,
,,,
,,,
,,,
,,,
,,,
,,,
,,,
,,,
,,,
,,,
,,,
,,,
,,,
,,,
,,,
,,,
,,,
,,,
,,,
,,,
,,,
,,,
,,,
,,,
,,,
,,,
,,,
,,,
,,,
,,,
,,,
,,,
,,,
,,,
,,,
,,,
,,,
,,,
,,,
,,,
,,,
,,,
,,,
,,,
,,,
,,,
,,,
,,,
,,,
,,,
,,,
,,,
,,,
,,,
,,,
,,,
,,,
,,,
,,,
,,,
,,,
,,,
,,,
,,,
,,,
,,,
,,,
,,,
,,,
,,,
,,,
,,,
,,,
